-- Вставка компаний
INSERT INTO companies (id, email, password, activationLink, activated)
VALUES 
  ('00000000-0000-0000-0000-000000000001', 'company1@example.com', 'pass1', 'http://activate.com/1', true),
  ('00000000-0000-0000-0000-000000000002', 'company2@example.com', 'pass2', 'http://activate.com/2', true),
  ('00000000-0000-0000-0000-000000000003', 'company3@example.com', 'pass3', 'http://activate.com/3', true),
  ('00000000-0000-0000-0000-000000000004', 'company4@example.com', 'pass4', 'http://activate.com/4', true),
  ('00000000-0000-0000-0000-000000000005', 'company5@example.com', 'pass5', 'http://activate.com/5', true),
  ('00000000-0000-0000-0000-000000000006', 'company6@example.com', 'pass6', 'http://activate.com/6', true),
  ('00000000-0000-0000-0000-000000000007', 'company7@example.com', 'pass7', 'http://activate.com/7', true),
  ('00000000-0000-0000-0000-000000000008', 'company8@example.com', 'pass8', 'http://activate.com/8', true),
  ('00000000-0000-0000-0000-000000000009', 'company9@example.com', 'pass9', 'http://activate.com/9', true),
  ('00000000-0000-0000-0000-00000000000A', 'company10@example.com', 'pass10', 'http://activate.com/10', true);

-- Вставка дополнительной информации по компаниям
INSERT INTO companies_info (id, company_id, phone, title, photo, description)
VALUES
  ('20000000-0000-0000-0000-000000000001', '00000000-0000-0000-0000-000000000001', '+380501111111', 'Company One', 'photo1.jpg', 'Описание компании Company One'),
  ('20000000-0000-0000-0000-000000000002', '00000000-0000-0000-0000-000000000002', '+380502222222', 'Company Two', 'photo2.jpg', 'Описание компании Company Two'),
  ('20000000-0000-0000-0000-000000000003', '00000000-0000-0000-0000-000000000003', '+380503333333', 'Company Three', 'photo3.jpg', 'Описание компании Company Three'),
  ('20000000-0000-0000-0000-000000000004', '00000000-0000-0000-0000-000000000004', '+380504444444', 'Company Four', 'photo4.jpg', 'Описание компании Company Four'),
  ('20000000-0000-0000-0000-000000000005', '00000000-0000-0000-0000-000000000005', '+380505555555', 'Company Five', 'photo5.jpg', 'Описание компании Company Five'),
  ('20000000-0000-0000-0000-000000000006', '00000000-0000-0000-0000-000000000006', '+380506666666', 'Company Six', 'photo6.jpg', 'Описание компании Company Six'),
  ('20000000-0000-0000-0000-000000000007', '00000000-0000-0000-0000-000000000007', '+380507777777', 'Company Seven', 'photo7.jpg', 'Описание компании Company Seven'),
  ('20000000-0000-0000-0000-000000000008', '00000000-0000-0000-0000-000000000008', '+380508888888', 'Company Eight', 'photo8.jpg', 'Описание компании Company Eight'),
  ('20000000-0000-0000-0000-000000000009', '00000000-0000-0000-0000-000000000009', '+380509999999', 'Company Nine', 'photo9.jpg', 'Описание компании Company Nine'),
  ('20000000-0000-0000-0000-00000000000A', '00000000-0000-0000-0000-00000000000A', '+380501010101', 'Company Ten', 'photo10.jpg', 'Описание компании Company Ten');

-- Вставка информации по ЕГРПОУ
INSERT INTO egrpou_info (id, company_id, egrpou, name, name_short, address, director, kved, inn, inn_date, last_update)
VALUES
  ('30000000-0000-0000-0000-000000000001', '00000000-0000-0000-0000-000000000001', '12345678', 'Company One LLC', 'CompOne', 'Адрес Company One', 'Директор One', 'КВЕД 1', 'ИНН1', '2023-01-01', '2023-02-01'),
  ('30000000-0000-0000-0000-000000000002', '00000000-0000-0000-0000-000000000002', '12345679', 'Company Two LLC', 'CompTwo', 'Адрес Company Two', 'Директор Two', 'КВЕД 2', 'ИНН2', '2023-01-02', '2023-02-02'),
  ('30000000-0000-0000-0000-000000000003', '00000000-0000-0000-0000-000000000003', '12345670', 'Company Three LLC', 'CompThree', 'Адрес Company Three', 'Директор Three', 'КВЕД 3', 'ИНН3', '2023-01-03', '2023-02-03'),
  ('30000000-0000-0000-0000-000000000004', '00000000-0000-0000-0000-000000000004', '12345671', 'Company Four LLC', 'CompFour', 'Адрес Company Four', 'Директор Four', 'КВЕД 4', 'ИНН4', '2023-01-04', '2023-02-04'),
  ('30000000-0000-0000-0000-000000000005', '00000000-0000-0000-0000-000000000005', '12345672', 'Company Five LLC', 'CompFive', 'Адрес Company Five', 'Директор Five', 'КВЕД 5', 'ИНН5', '2023-01-05', '2023-02-05'),
  ('30000000-0000-0000-0000-000000000006', '00000000-0000-0000-0000-000000000006', '12345673', 'Company Six LLC', 'CompSix', 'Адрес Company Six', 'Директор Six', 'КВЕД 6', 'ИНН6', '2023-01-06', '2023-02-06'),
  ('30000000-0000-0000-0000-000000000007', '00000000-0000-0000-0000-000000000007', '12345674', 'Company Seven LLC', 'CompSeven', 'Адрес Company Seven', 'Директор Seven', 'КВЕД 7', 'ИНН7', '2023-01-07', '2023-02-07'),
  ('30000000-0000-0000-0000-000000000008', '00000000-0000-0000-0000-000000000008', '12345675', 'Company Eight LLC', 'CompEight', 'Адрес Company Eight', 'Директор Eight', 'КВЕД 8', 'ИНН8', '2023-01-08', '2023-02-08'),
  ('30000000-0000-0000-0000-000000000009', '00000000-0000-0000-0000-000000000009', '12345676', 'Company Nine LLC', 'CompNine', 'Адрес Company Nine', 'Директор Nine', 'КВЕД 9', 'ИНН9', '2023-01-09', '2023-02-09'),
  ('30000000-0000-0000-0000-00000000000A', '00000000-0000-0000-0000-00000000000A', '12345677', 'Company Ten LLC', 'CompTen', 'Адрес Company Ten', 'Директор Ten', 'КВЕД 10', 'ИНН10', '2023-01-10', '2023-02-10');

-- Вставка рекрутеров (по одному на компанию)
INSERT INTO recruiters (id, company_id, email, password, name, surname, photo)
VALUES
  ('10000000-0000-0000-0000-000000000001', '00000000-0000-0000-0000-000000000001', 'recruiter1@company.com', 'recpass1', 'Иван', 'Иванов', 'recruiter1.jpg'),
  ('10000000-0000-0000-0000-000000000002', '00000000-0000-0000-0000-000000000002', 'recruiter2@company.com', 'recpass2', 'Петр', 'Петров', 'recruiter2.jpg'),
  ('10000000-0000-0000-0000-000000000003', '00000000-0000-0000-0000-000000000003', 'recruiter3@company.com', 'recpass3', 'Сергей', 'Сергеев', 'recruiter3.jpg'),
  ('10000000-0000-0000-0000-000000000004', '00000000-0000-0000-0000-000000000004', 'recruiter4@company.com', 'recpass4', 'Алексей', 'Алексеев', 'recruiter4.jpg'),
  ('10000000-0000-0000-0000-000000000005', '00000000-0000-0000-0000-000000000005', 'recruiter5@company.com', 'recpass5', 'Дмитрий', 'Дмитриев', 'recruiter5.jpg'),
  ('10000000-0000-0000-0000-000000000006', '00000000-0000-0000-0000-000000000006', 'recruiter6@company.com', 'recpass6', 'Михаил', 'Михайлов', 'recruiter6.jpg'),
  ('10000000-0000-0000-0000-000000000007', '00000000-0000-0000-0000-000000000007', 'recruiter7@company.com', 'recpass7', 'Николай', 'Николаев', 'recruiter7.jpg'),
  ('10000000-0000-0000-0000-000000000008', '00000000-0000-0000-0000-000000000008', 'recruiter8@company.com', 'recpass8', 'Андрей', 'Андреев', 'recruiter8.jpg'),
  ('10000000-0000-0000-0000-000000000009', '00000000-0000-0000-0000-000000000009', 'recruiter9@company.com', 'recpass9', 'Василий', 'Васильев', 'recruiter9.jpg'),
  ('10000000-0000-0000-0000-00000000000A', '00000000-0000-0000-0000-00000000000A', 'recruiter10@company.com', 'recpass10', 'Станислав', 'Станиславов', 'recruiter10.jpg');

-- Вставка вакансий (по одной на компанию)
INSERT INTO vacancies (id, company_id, recruiter_id, title, description, requirements, salary_from, salary_to, currency, location, work_type)
VALUES
  ('40000000-0000-0000-0000-000000000001', '00000000-0000-0000-0000-000000000001', '10000000-0000-0000-0000-000000000001', 'Вакансия 1', 'Описание вакансии 1', ARRAY['Опыт работы 1', 'Знание SQL'], 30000, 50000, 'USD', 'Киев', 1),
  ('40000000-0000-0000-0000-000000000002', '00000000-0000-0000-0000-000000000002', '10000000-0000-0000-0000-000000000002', 'Вакансия 2', 'Описание вакансии 2', ARRAY['Опыт работы 2', 'Коммуникабельность'], 32000, 52000, 'USD', 'Львов', 1),
  ('40000000-0000-0000-0000-000000000003', '00000000-0000-0000-0000-000000000003', '10000000-0000-0000-0000-000000000003', 'Вакансия 3', 'Описание вакансии 3', ARRAY['Опыт работы 3', 'Знание английского'], 35000, 55000, 'USD', 'Одесса', 1),
  ('40000000-0000-0000-0000-000000000004', '00000000-0000-0000-0000-000000000004', '10000000-0000-0000-0000-000000000004', 'Вакансия 4', 'Описание вакансии 4', ARRAY['Навыки коммуникации', 'Работа в команде'], 28000, 48000, 'USD', 'Днепр', 1),
  ('40000000-0000-0000-0000-000000000005', '00000000-0000-0000-0000-000000000005', '10000000-0000-0000-0000-000000000005', 'Вакансия 5', 'Описание вакансии 5', ARRAY['Опыт работы в продажах'], 30000, 50000, 'USD', 'Харьков', 1),
  ('40000000-0000-0000-0000-000000000006', '00000000-0000-0000-0000-000000000006', '10000000-0000-0000-0000-000000000006', 'Вакансия 6', 'Описание вакансии 6', ARRAY['Опыт работы 6', 'Знание Excel'], 31000, 51000, 'USD', 'Киев', 1),
  ('40000000-0000-0000-0000-000000000007', '00000000-0000-0000-0000-000000000007', '10000000-0000-0000-0000-000000000007', 'Вакансия 7', 'Описание вакансии 7', ARRAY['Навыки аналитики'], 33000, 53000, 'USD', 'Львов', 1),
  ('40000000-0000-0000-0000-000000000008', '00000000-0000-0000-0000-000000000008', '10000000-0000-0000-0000-000000000008', 'Вакансия 8', 'Описание вакансии 8', ARRAY['Знание JavaScript'], 34000, 54000, 'USD', 'Одесса', 1),
  ('40000000-0000-0000-0000-000000000009', '00000000-0000-0000-0000-000000000009', '10000000-0000-0000-0000-000000000009', 'Вакансия 9', 'Описание вакансии 9', ARRAY['Опыт работы в маркетинге'], 36000, 56000, 'USD', 'Днепр', 1),
  ('40000000-0000-0000-0000-00000000000A', '00000000-0000-0000-0000-00000000000A', '10000000-0000-0000-0000-00000000000A', 'Вакансия 10', 'Описание вакансии 10', ARRAY['Коммуникабельность', 'Работа в условиях стресса'], 37000, 57000, 'USD', 'Харьков', 1);
